"","DIC","pD","WAIC","pWAIC","Log Marginal Likelihood.log marginal-likelihood (Gaussian)","Sum CPO"
"BYM 0 -CA",-327.415274693552,70.0851222085072,-338.700013782519,45.8427227145897,-30.9616231187299,404.004611002366
"BYM 1 -CA",-326.68927109179,69.3595787735447,-336.679339347541,46.4023924603574,-3.59544163785279,405.405862188626
"ICAR 1 -CA",55.4082735821379,2.89161380404212,55.1270054405418,2.49062721976651,-79.0689170121905,41.2973449267189
"GLM 1 -CA",55.7474166575715,2.99469578970204,55.407307839804,2.53234554907978,-42.1345744475408,41.2370722928724
"ICAR 0 -CA",120.7977761988,1.85643560118231,120.717587849177,1.71207434398507,-106.874811333995,23.748500480019
"GLM 0 -CA",121.101917544089,1.98474011833068,120.9898443352,1.80249051700318,-69.9368100997632,23.7121459469099
"BYM 1 -GA",-897.939787864422,193.396687582414,-930.313749422011,125.434630151207,-7.86883469224426,1125.85571655232
"ICAR 1 -GA",188.39325666214,2.9162465984443,188.469737193133,2.92741807461781,-225.207715821483,103.049044472927
"GLM 1 -GA",188.682661523627,2.99447699051225,188.727699649687,2.97091585206389,-110.120581832394,103.013459424201
"BYM 0 -GA",369.356794113859,18.5289212784647,370.003613046526,18.2423697418178,-98.7902424662977,58.3966417837009
"ICAR 0 -GA",370.791684196383,1.87156071985459,370.894433365156,1.94263109251189,-311.152890974881,58.91112067659
"GLM 0 -GA",371.08112240567,1.99081744590148,371.192499386984,2.06457540799537,-196.0733958464,58.8860087183615
"BYM 1 -TX",-1432.00192300562,305.216588451461,-1479.04330213655,201.502983467263,16.4755259413472,1777.84265406739
"ICAR 1 -TX",226.439338913731,2.98633189064756,229.540180389164,5.90012622425446,-322.354867126037,201.209188933344
"GLM 1 -TX",226.784190244325,2.99442330714368,230.389171357214,6.20348610722368,-129.875369089544,201.154022999078
"BYM 0 -TX",585.521892099434,23.2344738213613,587.833733234201,26.938131920242,-164.859885295674,96.6703252397174
"ICAR 0 -TX",590.152780046335,1.88419391636694,591.036062203877,2.72047591058781,-498.723341727563,97.3885191022151
"GLM 0 -TX",590.472011233879,1.99213962014483,591.499426577084,2.94293338565518,-306.23611133975,97.3599612060401
