"","mean","sd","0.025quant","0.5quant","0.975quant","mode","kld"
"GLM 0 -CA.(Intercept)",0.12823,0.02143,0.08604,0.12823,0.17043,0.12823,0
"GLM 0 -CA.scale(pct_65_older)",0.20865,0.02236,0.16471,0.20862,0.25272,0.20862,0
"GLM 1 -CA.(Intercept)",0.12836,0.01921,0.09039,0.12841,0.16605,0.12841,0
"GLM 1 -CA.scale(pct_65_older)",0.24508,0.02276,0.20026,0.24509,0.28987,0.24509,0
"GLM 1 -CA.scale(cle8_point)",-0.07691,0.0214,-0.11915,-0.07688,-0.03485,-0.07688,0
"ICAR 0 -CA.(Intercept)",0.11964,0.00604,0.1077,0.11967,0.13141,0.11967,0
"ICAR 0 -CA.scale(pct_65_older)",0.16302,0.02268,0.11832,0.16304,0.20762,0.16304,0
"ICAR 1 -CA.(Intercept)",0.12045,0.00604,0.10851,0.12048,0.13219,0.12048,0
"ICAR 1 -CA.scale(pct_65_older)",0.19855,0.02716,0.14513,0.19853,0.25213,0.19853,0
"ICAR 1 -CA.scale(cle8_point)",-0.05531,0.02506,-0.10507,-0.05519,-0.00629,-0.05519,0
"BYM 0 -CA.(Intercept)",0.11783,0.01862,0.08071,0.11795,0.15431,0.11796,0
"BYM 0 -CA.scale(pct_65_older)",0.1865,0.02427,0.13888,0.18647,0.2343,0.18646,0
"BYM 1 -CA.(Intercept)",0.11959,0.01804,0.08373,0.1197,0.15484,0.1197,0
"BYM 1 -CA.scale(pct_65_older)",0.22886,0.02551,0.178,0.2291,0.27835,0.22911,0
"BYM 1 -CA.scale(cle8_point)",-0.06938,0.02255,-0.11361,-0.06943,-0.02483,-0.06943,0
"GLM 0 -GA.(Intercept)",0.30621,0.01707,0.27281,0.30617,0.33982,0.30617,0
"GLM 0 -GA.scale(pct_65_older)",0.21285,0.01877,0.17601,0.21285,0.24972,0.21285,0
"GLM 1 -GA.(Intercept)",0.30502,0.01374,0.27806,0.30501,0.33201,0.30501,0
"GLM 1 -GA.scale(pct_65_older)",0.19982,0.01481,0.17071,0.19983,0.22889,0.19983,0
"GLM 1 -GA.scale(cle8_point)",-0.12803,0.01424,-0.15587,-0.12808,-0.09994,-0.12808,0
"ICAR 0 -GA.(Intercept)",0.29029,0.0057,0.27912,0.29029,0.30146,0.29029,0
"ICAR 0 -GA.scale(pct_65_older)",0.21677,0.01837,0.18074,0.21677,0.25286,0.21677,0
"ICAR 1 -GA.(Intercept)",0.29158,0.00562,0.28056,0.29158,0.3026,0.29158,0
"ICAR 1 -GA.scale(pct_65_older)",0.20354,0.01592,0.17229,0.20354,0.2348,0.20354,0
"ICAR 1 -GA.scale(cle8_point)",-0.1201,0.01675,-0.15287,-0.12015,-0.08708,-0.12015,0
"BYM 0 -GA.(Intercept)",0.28995,0.00941,0.27114,0.28999,0.30857,0.28998,0
"BYM 0 -GA.scale(pct_65_older)",0.21732,0.01825,0.18149,0.21732,0.25316,0.21732,0
"BYM 1 -GA.(Intercept)",0.29177,0.00871,0.27453,0.29175,0.30906,0.29175,0
"BYM 1 -GA.scale(pct_65_older)",0.20522,0.01579,0.17419,0.20523,0.23619,0.20523,0
"BYM 1 -GA.scale(cle8_point)",-0.12219,0.01712,-0.15568,-0.12222,-0.08848,-0.12222,0
"GLM 0 -TX.(Intercept)",0.44973,0.01495,0.42045,0.4497,0.47912,0.4497,0
"GLM 0 -TX.scale(pct_65_older)",0.27685,0.0162,0.24497,0.27687,0.30856,0.27687,0
"GLM 1 -TX.(Intercept)",0.44671,0.01326,0.42072,0.4467,0.47277,0.4467,0
"GLM 1 -TX.scale(pct_65_older)",0.303,0.01467,0.2741,0.30304,0.33169,0.30304,0
"GLM 1 -TX.scale(cle8_point)",-0.10696,0.01413,-0.13457,-0.107,-0.07911,-0.107,0
"ICAR 0 -TX.(Intercept)",0.42747,0.00599,0.41572,0.42747,0.43922,0.42747,0
"ICAR 0 -TX.scale(pct_65_older)",0.27092,0.0156,0.24013,0.27098,0.30136,0.27098,0
"ICAR 1 -TX.(Intercept)",0.42846,0.00589,0.4169,0.42846,0.44001,0.42846,0
"ICAR 1 -TX.scale(pct_65_older)",0.2944,0.0142,0.26635,0.29447,0.32208,0.29447,0
"ICAR 1 -TX.scale(cle8_point)",-0.10193,0.01444,-0.13009,-0.10199,-0.0734,-0.10199,0
"BYM 0 -TX.(Intercept)",0.42731,0.00885,0.40978,0.42732,0.44476,0.42732,0
"BYM 0 -TX.scale(pct_65_older)",0.27219,0.0157,0.24124,0.27225,0.30286,0.27225,0
"BYM 1 -TX.(Intercept)",0.42843,0.00887,0.41089,0.42843,0.44593,0.42843,0
"BYM 1 -TX.scale(pct_65_older)",0.29473,0.01417,0.26676,0.29479,0.32237,0.29479,0
"BYM 1 -TX.scale(cle8_point)",-0.10578,0.01489,-0.13487,-0.10582,-0.07641,-0.10582,0
